Sentence #,Word,POS,Tag
Sentence: 1,Thousands,NNS,O
,of,IN,O
,demonstrators,NNS,O
,have,VBP,O
,marched,VBN,O
,through,IN,O
,London,NNP,B-geo
,to,TO,O
,protest,VB,O
,the,DT,O
,war,NN,O
,in,IN,O
,Iraq,NNP,B-geo
,and,CC,O
,demand,VB,O
,the,DT,O
,withdrawal,NN,O
,of,IN,O
,British,JJ,B-gpe
,troops,NNS,O
,from,IN,O
,that,DT,O
,country,NN,O
,.,.,O
Sentence: 2,Families,NNS,O
,of,IN,O
,soldiers,NNS,O
,killed,VBN,O
,in,IN,O
,the,DT,O
,conflict,NN,O
,joined,VBD,O
,the,DT,O
,protesters,NNS,O
,who,WP,O
,carried,VBD,O
,banners,NNS,O
,with,IN,O
,such,JJ,O
,slogans,NNS,O
,as,IN,O
,"""",``,O
,Bush,NNP,B-per
,Number,NN,O
,One,CD,O
,Terrorist,NN,O
,"""",``,O
,and,CC,O
,"""",``,O
,Stop,VB,O
,the,DT,O
,Bombings,NNS,O
,.,.,O
,"""",``,O
Sentence: 3,They,PRP,O
,marched,VBD,O
,from,IN,O
,the,DT,O
,Houses,NNS,O
,of,IN,O
,Parliament,NN,O
,to,TO,O
,a,DT,O
,rally,NN,O
,in,IN,O
,Hyde,NNP,B-geo
,Park,NNP,I-geo
,.,.,O
Sentence: 4,Police,NNS,O
,put,VBD,O
,the,DT,O
,number,NN,O
,of,IN,O
,marchers,NNS,O
,at,IN,O
,"10,000",CD,O
,while,IN,O
,organizers,NNS,O
,claimed,VBD,O
,it,PRP,O
,was,VBD,O
,"1,00,000",CD,O
,.,.,O
Sentence: 5,The,DT,O
,protest,NN,O
,comes,VBZ,O
,on,IN,O
,the,DT,O
,eve,NN,O
,of,IN,O
,the,DT,O
,annual,JJ,O
,conference,NN,O
,of,IN,O
,Britain,NNP,B-geo
,'s,POS,O
,ruling,VBG,O
,Labor,NNP,B-org
,Party,NNP,I-org
,in,IN,O
,the,DT,O
,southern,JJ,O
,English,JJ,B-gpe
,seaside,NN,O
,resort,NN,O
,of,IN,O
,Brighton,NNP,B-geo
,.,.,O
Sentence: 6,The,DT,O
,party,NN,O
,is,VBZ,O
,divided,VBN,O
,over,IN,O
,Britain,NNP,B-gpe
,'s,POS,O
,participation,NN,O
,in,IN,O
,the,DT,O
,Iraq,NNP,B-geo
,conflict,NN,O
,and,CC,O
,the,DT,O
,continued,JJ,O
,deployment,NN,O
,of,IN,O
,"8,500",CD,O
,British,JJ,B-gpe
,troops,NNS,O
,in,IN,O
,that,DT,O
,country,NN,O
,.,.,O
Sentence: 7,The,DT,O
,London,NNP,B-geo
,march,NN,O
,came,VBD,O
,ahead,RB,O
,of,IN,O
,anti-war,JJ,O
,protests,NNS,O
,today,NN,O
,in,IN,O
,other,JJ,O
,cities,NNS,O
,",",",",O
,including,VBG,O
,Rome,NNP,B-geo
,",",",",O
,Paris,NNP,B-geo
,",",",",O
,and,CC,O
,Madrid,NNP,B-geo
,.,.,O
Sentence: 8,The,DT,O
,International,NNP,B-org
,Atomic,NNP,I-org
,Energy,NNP,I-org
,Agency,NNP,I-org
,is,VBZ,O
,to,TO,O
,hold,VB,O
,second,JJ,O
,day,NN,O
,of,IN,O
,talks,NNS,O
,in,IN,O
,Vienna,NNP,B-geo
,Wednesday,NNP,B-tim
,on,IN,O
,how,WRB,O
,to,TO,O
,respond,VB,O
,to,TO,O
,Iran,NNP,B-gpe
,'s,POS,O
,resumption,NN,O
,of,IN,O
,low-level,JJ,O
,uranium,NN,O
,conversion,NN,O
,.,.,O
Sentence: 9,Iran,NNP,B-gpe
,this,DT,O
,week,NN,O
,restarted,VBD,O
,parts,NNS,O
,of,IN,O
,the,DT,O
,conversion,NN,O
,process,NN,O
,at,IN,O
,its,PRP$,O
,Isfahan,NNP,B-geo
,nuclear,JJ,O
,plant,NN,O
,.,.,O
Sentence: 10,Iranian,JJ,B-gpe
,officials,NNS,O
,say,VBP,O
,they,PRP,O
,expect,VBP,O
,to,TO,O
,get,VB,O
,access,NN,O
,to,TO,O
,sealed,JJ,O
,sensitive,JJ,O
,parts,NNS,O
,of,IN,O
,the,DT,O
,plant,NN,O
,Wednesday,NNP,B-tim
,",",",",O
,after,IN,O
,an,DT,O
,IAEA,NNP,B-org
,surveillance,NN,O
,system,NN,O
,begins,VBZ,O
,functioning,VBG,O
,.,.,O
Sentence: 11,The,DT,O
,step,NN,O
,will,MD,O
,allow,VB,O
,the,DT,O
,facility,NN,O
,to,TO,O
,operate,VB,O
,at,IN,O
,full,JJ,O
,capacity,NN,O
,.,.,O
Sentence: 12,The,DT,O
,European,NNP,B-org
,Union,NNP,I-org
,",",",",O
,with,IN,O
,U.S.,NNP,B-gpe
,backing,NN,O
,",",",",O
,has,VBZ,O
,threatened,VBN,O
,to,TO,O
,refer,VB,O
,Iran,NNP,B-gpe
,to,TO,O
,the,DT,O
,U.N.,NNP,B-org
,Security,NNP,I-org
,Council,NNP,I-org
,",",",",O
,which,WDT,O
,could,MD,O
,impose,VB,O
,sanctions,NNS,O
,if,IN,O
,it,PRP,O
,finds,VBZ,O
,Tehran,NNP,B-gpe
,has,VBZ,O
,violated,VBN,O
,the,DT,O
,Nuclear,NNP,B-art
,Non-Proliferation,NNP,I-art
,treaty,NN,O
,.,.,O
Sentence: 13,Iran,NNP,B-gpe
,'s,POS,O
,new,JJ,O
,President,NNP,B-per
,Mahmoud,NNP,I-per
,Ahmadinejad,NNP,I-per
,said,VBD,O
,Tuesday,NNP,B-tim
,that,IN,O
,European,JJ,B-gpe
,incentives,NNS,O
,aimed,VBN,O
,at,IN,O
,persuading,VBG,O
,Iran,NNP,B-gpe
,to,TO,O
,end,VB,O
,its,PRP$,O
,nuclear,JJ,O
,fuel,NN,O
,program,NN,O
,are,VBP,O
,an,DT,O
,insult,NN,O
,to,TO,O
,the,DT,O
,Iranian,JJ,B-gpe
,nation,NN,O
,.,.,O
Sentence: 14,Two,CD,O
,Germans,NNS,B-gpe
,and,CC,O
,four,CD,O
,Nigerian,JJ,B-gpe
,oil,NN,O
,workers,NNS,O
,were,VBD,O
,kidnapped,VBN,O
,by,IN,O
,armed,JJ,O
,militants,NNS,O
,during,IN,O
,a,DT,O
,raid,NN,O
,on,IN,O
,a,DT,O
,boat,NN,O
,in,IN,O
,Nigeria,NNP,B-geo
,'s,POS,O
,southern,JJ,O
,oil-rich,JJ,O
,Delta,NNP,B-geo
,region,NN,O
,.,.,O
Sentence: 15,An,DT,O
,official,NN,O
,with,IN,O
,the,DT,O
,German,JJ,B-gpe
,firm,NN,O
,Bilfinger,NNP,B-org
,Berger,NNP,I-org
,",",",",O
,Thomas,NNP,B-per
,Horbach,NNP,I-per
,",",",",O
,said,VBD,O
,the,DT,O
,gunmen,NNS,O
,stopped,VBD,O
,the,DT,O
,supply,NN,O
,boat,NN,O
,Wednesday,NNP,B-tim
,as,IN,O
,it,PRP,O
,sailed,VBD,O
,from,IN,O
,Delta,NNP,B-geo
,State,NNP,I-geo
,to,TO,O
,Bayelsa,NNP,B-geo
,State,NNP,I-geo
,to,TO,O
,inspect,VB,O
,an,DT,O
,offshore,JJ,O
,oil,NN,O
,field,NN,O
,owned,VBN,O
,by,IN,O
,Royal-Dutch,NNP,B-org
,Shell,NNP,I-org
,.,.,O
Sentence: 16,The,DT,O
,German,JJ,B-gpe
,firm,NN,O
,works,VBZ,O
,as,IN,O
,a,DT,O
,sub-contractor,NN,O
,for,IN,O
,Shell,NNP,B-org
,.,.,O
Sentence: 17,Militant,JJ,O
,groups,NNS,O
,frequently,RB,O
,attack,VBP,O
,oil,NN,O
,operations,NNS,O
,in,IN,O
,the,DT,O
,Niger,NNP,B-geo
,Delta,NNP,I-geo
,to,TO,O
,demand,VB,O
,social,JJ,O
,services,NNS,O
,and,CC,O
,better,JJR,O
,job,NN,O
,opportunities,NNS,O
,from,IN,O
,multinational,JJ,O
,companies,NNS,O
,.,.,O
Sentence: 18,Poor,JJ,O
,residents,NNS,O
,often,RB,O
,complain,VBP,O
,they,PRP,O
,have,VBP,O
,been,VBN,O
,cheated,VBN,O
,out,IN,O
,of,IN,O
,the,DT,O
,huge,JJ,O
,riches,NNS,O
,extracted,VBN,O
,from,IN,O
,their,PRP$,O
,tribal,JJ,O
,lands,NNS,O
,-,:,O
,where,WRB,O
,the,DT,O
,bulk,NN,O
,of,IN,O
,Nigeria,NNP,B-gpe
,'s,POS,O
,2.3,CD,O
,million,CD,O
,barrels,NNS,O
,of,IN,O
,petroleum,NN,O
,are,VBP,O
,pumped,VBN,O
,daily,RB,O
,.,.,O
Sentence: 19,Suspected,JJ,O
,Islamist,JJ,O
,rebels,NNS,O
,have,VBP,O
,fired,VBN,O
,mortar,NN,O
,shells,NNS,O
,at,IN,O
,the,DT,O
,palace,NN,O
,used,VBN,O
,by,IN,O
,Somalia,NNP,B-geo
,'s,POS,O
,interim,JJ,O
,President,NNP,B-per
,Abdullahi,NNP,I-per
,Yusuf,NNP,I-per
,Ahmad,NNP,I-per
,.,.,O
Sentence: 20,It,PRP,O
,was,VBD,O
,not,RB,O
,immediately,RB,O
,clear,JJ,O
,if,IN,O
,the,DT,O
,president,NN,O
,was,VBD,O
,in,IN,O
,the,DT,O
,palace,NN,O
,in,IN,O
,Mogadishu,NNP,B-geo
,when,WRB,O
,the,DT,O
,attack,NN,O
,occurred,VBD,O
,or,CC,O
,if,IN,O
,anyone,DT,O
,was,VBD,O
,hurt,VBN,O
,.,.,O
Sentence: 21,Local,JJ,O
,news,NN,O
,reports,NNS,O
,said,VBD,O
,at,IN,O
,least,JJS,O
,five,CD,O
,mortar,NN,O
,shells,NNS,O
,hit,VBD,O
,the,DT,O
,palace,NN,O
,compound,NN,O
,and,CC,O
,other,JJ,O
,mortars,NNS,O
,were,VBD,O
,fired,VBN,O
,elsewhere,RB,O
,in,IN,O
,Mogadishu,NNP,B-geo
,Wednesday,NNP,B-tim
,.,.,O
Sentence: 22,The,DT,O
,attacks,NNS,O
,occurred,VBD,O
,after,IN,O
,the,DT,O
,government,NN,O
,said,VBD,O
,it,PRP,O
,will,MD,O
,go,VB,O
,ahead,RB,O
,with,IN,O
,a,DT,O
,reconciliation,NN,O
,conference,NN,O
,to,TO,O
,which,WDT,O
,more,JJR,O
,than,IN,O
,"1,300",CD,O
,Somali,JJ,B-gpe
,elders,NNS,O
,",",",",O
,warlords,NNS,O
,and,CC,O
,politicians,NNS,O
,are,VBP,O
,invited,VBN,O
,.,.,O
Sentence: 23,Iraqi,JJ,B-gpe
,military,JJ,O
,officials,NNS,O
,say,VBP,O
,tanks,NNS,O
,and,CC,O
,troops,NNS,O
,have,VBP,O
,arrived,VBN,O
,in,IN,O
,the,DT,O
,northern,JJ,O
,city,NN,O
,Mosul,NNP,B-geo
,for,IN,O
,a,DT,O
,new,JJ,O
,offensive,NN,O
,against,IN,O
,al,NNP,B-org
,Qaida,NNP,I-org
,in,IN,I-org
,Iraq,NNP,I-org
,fighters,NNS,O
,.,.,O
Sentence: 24,Officials,NNS,O
,will,MD,O
,not,RB,O
,say,VB,O
,how,WRB,O
,many,JJ,O
,troops,NNS,O
,have,VBP,O
,arrived,VBN,O
,in,IN,O
,the,DT,O
,Sunni,NNP,B-geo
,Arab,NNP,I-geo
,and,CC,O
,Kurdish,NNP,B-geo
,city,NN,O
,",",",",O
,where,WRB,O
,bombings,NNS,O
,last,JJ,O
,week,NN,O
,killed,VBD,O
,at,IN,O
,least,JJS,O
,34,CD,O
,people,NNS,O
,and,CC,O
,wounded,VBD,O
,more,JJR,O
,than,IN,O
,200,CD,O
,.,.,O
Sentence: 25,U.S.,NNP,B-gpe
,commanders,NNS,O
,have,VBP,O
,not,RB,O
,explained,VBN,O
,how,WRB,O
,American,JJ,B-gpe
,forces,NNS,O
,will,MD,O
,participate,VB,O
,in,IN,O
,the,DT,O
,offensive,NN,O
,.,.,O
Sentence: 26,Officials,NNS,O
,say,VBP,O
,al,NNP,B-org
,Qaida,NNP,I-org
,in,IN,I-org
,Iraq,NNP,I-org
,fighters,NNS,O
,have,VBP,O
,fled,VBN,O
,successful,JJ,O
,campaigns,NNS,O
,against,IN,O
,them,PRP,O
,in,IN,O
,Anbar,NNP,B-geo
,province,NN,O
,and,CC,O
,Baghdad,NNP,B-geo
,to,TO,O
,other,JJ,O
,northern,JJ,O
,provinces,NNS,O
,.,.,O
Sentence: 27,Mosul,NNP,B-geo
,is,VBZ,O
,the,DT,O
,largest,JJS,O
,city,NN,O
,north,NN,O
,of,IN,O
,Baghdad,NNP,B-geo
,and,CC,O
,has,VBZ,O
,long,RB,O
,been,VBN,O
,a,DT,O
,stronghold,NN,O
,of,IN,O
,Sunni,NNP,B-org
,militant,JJ,O
,fighters,NNS,O
,.,.,O
Sentence: 28,In,IN,O
,other,JJ,O
,violence,NN,O
,",",",",O
,U.S.,NNP,B-gpe
,officials,NNS,O
,said,VBD,O
,one,CD,O
,American,JJ,B-gpe
,soldier,NN,O
,was,VBD,O
,killed,VBN,O
,while,IN,O
,on,IN,O
,patrol,NN,O
,in,IN,O
,Baghdad,NNP,B-geo
,Sunday,NNP,B-tim
,.,.,O
Sentence: 29,Egyptian,JJ,B-gpe
,police,NNS,O
,have,VBP,O
,arrested,VBN,O
,at,IN,O
,least,JJS,O
,16,CD,O
,members,NNS,O
,of,IN,O
,the,DT,O
,opposition,NN,O
,Muslim,NNP,B-org
,Brotherhood,NNP,I-org
,as,IN,O
,parts,NNS,O
,of,IN,O
,the,DT,O
,country,NN,O
,prepare,VB,O
,for,IN,O
,parliamentary,JJ,O
,runoff,NN,O
,elections,NNS,O
,Saturday,NNP,B-tim
,.,.,O
Sentence: 30,The,DT,O
,arrests,NNS,O
,occurred,VBD,O
,Friday,NNP,B-tim
,in,IN,O
,Alexandria,NNP,B-geo
,.,.,O
Sentence: 31,A,DT,O
,spokesman,NN,O
,for,IN,O
,the,DT,O
,Brotherhood,NNP,B-org
,said,VBD,O
,the,DT,O
,arrests,NNS,O
,are,VBP,O
,an,DT,O
,attempt,NN,O
,to,TO,O
,cut,VB,O
,the,DT,O
,Brotherhood,NNP,B-org
,off,RB,O
,from,IN,O
,its,PRP$,O
,supporters,NNS,O
,and,CC,O
,punishment,NN,O
,for,IN,O
,winning,VBG,O
,parliamentary,JJ,O
,seats,NNS,O
,in,IN,O
,earlier,JJR,O
,elections,NNS,O
,.,.,O
Sentence: 32,The,DT,O
,Muslim,NNP,B-org
,Brotherhood,NNP,I-org
,has,VBZ,O
,tripled,VBN,O
,its,PRP$,O
,strength,NN,O
,in,IN,O
,parliament,NN,O
,in,IN,O
,recent,JJ,O
,elections,NNS,O
,",",",",O
,raising,VBG,O
,the,DT,O
,party,NN,O
,'s,POS,O
,total,NN,O
,to,TO,O
,47,CD,O
,seats,NNS,O
,.,.,O
Sentence: 33,In,IN,O
,Saturday,NNP,B-tim
,'s,POS,O
,elections,NNS,O
,",",",",O
,voters,NNS,O
,will,MD,O
,cast,VB,O
,ballots,NNS,O
,in,IN,O
,nine,CD,O
,provinces,NNS,O
,where,WRB,O
,no,DT,O
,candidate,NN,O
,won,VBD,O
,a,DT,O
,majority,NN,O
,in,IN,O
,the,DT,O
,previous,JJ,O
,round,NN,O
,of,IN,O
,voting,NN,O
,.,.,O
Sentence: 34,The,DT,O
,Muslim,NNP,B-org
,Brotherhood,NNP,I-org
,is,VBZ,O
,banned,VBN,O
,as,IN,O
,a,DT,O
,political,JJ,O
,party,NN,O
,",",",",O
,but,CC,O
,it,PRP,O
,endorses,VBZ,O
,so-called,JJ,O
,independent,JJ,O
,candidates,NNS,O
,whose,WP$,O
,allegiance,NN,O
,to,IN,O
,the,DT,O
,party,NN,O
,is,VBZ,O
,known,VBN,O
,to,TO,O
,voters,NNS,O
,.,.,O
Sentence: 35,Hardline,JJ,O
,lawmakers,NNS,O
,in,IN,O
,Pakistan,NNP,B-geo
,'s,POS,O
,North,NNP,B-geo
,West,NNP,I-geo
,Frontier,NNP,I-geo
,Province,NNP,I-geo
,have,VBP,O
,pushed,VBN,O
,through,IN,O
,a,DT,O
,law,NN,O
,that,WDT,O
,aims,VBZ,O
,to,TO,O
,ensure,VB,O
,"""",``,O
,Islamic,JJ,O
,correctness,NN,O
,"""",``,O
,in,IN,O
,public,JJ,O
,places,NNS,O
,and,CC,O
,establishes,VBZ,O
,a,DT,O
,morality,NN,O
,police,NN,O
,to,TO,O
,enforce,VB,O
,decent,JJ,O
,behavior,NN,O
,.,.,O
Sentence: 36,A,DT,O
,six-party,JJ,O
,coalition,NN,O
,of,IN,O
,religious,JJ,O
,based,VBN,O
,parties,NNS,O
,",",",",O
,the,DT,O
,Mutahida,NNP,B-org
,Majlis-e-Amal,NNP,I-org
,",",",",O
,dominates,VBZ,O
,the,DT,O
,provincial,JJ,O
,assembly,NN,O
,",",",",O
,so,IN,O
,the,DT,O
,bill,NN,O
,was,VBD,O
,easily,RB,O
,passed,VBN,O
,Thursday,NNP,B-tim
,by,IN,O
,a,DT,O
,vote,NN,O
,of,IN,O
,68-34,CD,O
,.,.,O
Sentence: 37,The,DT,O
,provincial,JJ,O
,governor,NN,O
,must,MD,O
,still,RB,O
,sign,VB,O
,the,DT,O
,bill,NN,O
,before,IN,O
,it,PRP,O
,becomes,VBZ,O
,law,NN,O
,",",",",O
,a,DT,O
,step,NN,O
,seen,VBN,O
,only,RB,O
,as,IN,O
,a,DT,O
,formality,NN,O
,.,.,O
Sentence: 38,The,DT,O
,proposed,JJ,O
,law,NN,O
,calls,VBZ,O
,for,IN,O
,setting,VBG,O
,up,RP,O
,a,DT,O
,"""",``,O
,religious,JJ,O
,police,NN,O
,force,NN,O
,"""",``,O
,to,TO,O
,make,VB,O
,sure,JJ,O
,people,NNS,O
,adhere,VBP,O
,to,TO,O
,Islamic,JJ,O
,values,NNS,O
,in,IN,O
,public,JJ,O
,places,NNS,O
,",",",",O
,and,CC,O
,entertainment,NN,O
,outlets,NNS,O
,close,RB,O
,during,IN,O
,weekly,JJ,O
,Friday,NNP,B-tim
,prayers,NNS,O
,.,.,O
Sentence: 39,Violators,NNS,O
,could,MD,O
,be,VB,O
,jailed,VBN,O
,for,IN,O
,up,RB,O
,to,TO,O
,six,CD,O
,months,NNS,O
,.,.,O
Sentence: 40,The,DT,O
,opposition,NN,O
,has,VBZ,O
,denounced,VBN,O
,the,DT,O
,measure,NN,O
,",",",",O
,comparing,VBG,O
,it,PRP,O
,to,TO,O
,the,DT,O
,draconian,JJ,O
,rule,NN,O
,of,IN,O
,the,DT,O
,former,JJ,O
,Taleban,NNP,B-org
,in,IN,O
,neighboring,VBG,O
,Afghanistan,NNP,B-geo
,.,.,O
Sentence: 41,British,JJ,B-gpe
,police,NNS,O
,say,VBP,O
,they,PRP,O
,have,VBP,O
,arrested,VBN,O
,a,DT,O
,man,NN,O
,who,WP,O
,dressed,VBD,O
,as,IN,O
,suicide,NN,O
,bomber,NN,O
,at,IN,O
,a,DT,O
,demonstration,NN,O
,against,IN,O
,the,DT,O
,publication,NN,O
,of,IN,O
,cartoons,NNS,O
,depicting,VBG,O
,Islam,NNP,B-org
,'s,POS,O
,Prophet,NNP,B-per
,Muhammad,NNP,I-per
,.,.,O
Sentence: 42,Bedfordshire,NNP,B-gpe
,police,NNS,O
,said,VBD,O
,Tuesday,NNP,B-tim
,that,IN,O
,Omar,NNP,B-per
,Khayam,NNP,I-per
,was,VBD,O
,arrested,VBN,O
,in,IN,O
,Bedford,NNP,B-geo
,for,IN,O
,breaching,VBG,O
,the,DT,O
,conditions,NNS,O
,of,IN,O
,his,PRP$,O
,parole,NN,O
,.,.,O
Sentence: 43,Police,NNS,O
,said,VBD,O
,the,DT,O
,British,NNP,B-org
,Home,NNP,I-org
,Office,NNP,I-org
,sought,VBD,O
,an,DT,O
,investigation,NN,O
,of,IN,O
,Khayam,NNP,B-per
,'s,POS,O
,behavior,NN,O
,after,IN,O
,he,PRP,O
,was,VBD,O
,photographed,VBN,O
,last,JJ,O
,week,NN,O
,at,IN,O
,a,DT,O
,demonstration,NN,O
,dressed,VBN,O
,in,IN,O
,fatigues,NNS,O
,",",",",O
,a,DT,O
,black,JJ,O
,cap,NN,O
,",",",",O
,and,CC,O
,a,DT,O
,bulky,JJ,O
,belt,NN,O
,.,.,O
Sentence: 44,A,DT,O
,Home,NNP,B-org
,Office,NNP,I-org
,spokesman,NN,O
,told,VBD,O
,the,DT,O
,Associated,NNP,B-org
,Press,NNP,I-org
,that,IN,O
,if,IN,O
,the,DT,O
,behavior,NN,O
,of,IN,O
,a,DT,O
,paroled,JJ,O
,offender,NN,O
,gives,VBZ,O
,cause,NN,O
,for,IN,O
,concern,NN,O
,",",",",O
,he,PRP,O
,can,MD,O
,be,VB,O
,sent,VBN,O
,back,RB,O
,to,TO,O
,prison,NN,O
,.,.,O
Sentence: 45,The,DT,O
,AP,NNP,B-org
,also,RB,O
,reports,VBZ,O
,Khayam,NNP,B-per
,has,VBZ,O
,been,VBN,O
,on,IN,O
,parole,NN,O
,from,IN,O
,prison,NN,O
,since,IN,O
,last,JJ,O
,year,NN,O
,after,IN,O
,serving,VBG,O
,half,PDT,O
,his,PRP$,O
,six-year,JJ,O
,sentence,NN,O
,for,IN,O
,drug,NN,O
,dealing,NN,O
,.,.,O
Sentence: 46,Pakistani,JJ,B-gpe
,officials,NNS,O
,say,VBP,O
,unidentified,JJ,O
,gunmen,NNS,O
,have,VBP,O
,killed,VBN,O
,three,CD,O
,people,NNS,O
,",",",",O
,including,VBG,O
,a,DT,O
,former,JJ,O
,government,NN,O
,minister,NN,O
,",",",",O
,in,IN,O
,a,DT,O
,semi-autonomous,JJ,O
,tribal,JJ,O
,region,NN,O
,bordering,VBG,O
,Afghanistan,NNP,B-geo
,.,.,O
Sentence: 47,The,DT,O
,officials,NNS,O
,say,VBP,O
,prominent,JJ,O
,tribal,JJ,O
,leader,NN,O
,Malik,NNP,B-per
,Faridullah,NNP,I-per
,Khan,NNP,I-per
,was,VBD,O
,traveling,VBG,O
,in,IN,O
,South,NNP,B-geo
,Waziristan,NNP,I-geo
,Sunday,NNP,B-tim
,when,WRB,O
,his,PRP$,O
,vehicle,NN,O
,was,VBD,O
,ambushed,VBN,O
,in,IN,O
,the,DT,O
,Kani,NNP,B-geo
,Wam,NNP,I-geo
,area,NN,O
,.,.,O
Sentence: 48,His,PRP$,O
,driver,NN,O
,and,CC,O
,a,DT,O
,tribal,JJ,O
,elder,NN,O
,were,VBD,O
,also,RB,O
,killed,VBN,O
,.,.,O
Sentence: 49,No,DT,O
,one,NN,O
,has,VBZ,O
,claimed,VBN,O
,responsibility,NN,O
,for,IN,O
,the,DT,O
,killings,NNS,O
,.,.,O
Sentence: 50,The,DT,O
,ambush,NN,O
,came,VBD,O
,a,DT,O
,day,NN,O
,after,IN,O
,a,DT,O
,commander,NN,O
,of,IN,O
,Pakistani,JJ,B-gpe
,troops,NNS,O
,said,VBD,O
,the,DT,O
,army,NN,O
,has,VBZ,O
,almost,RB,O
,completely,RB,O
,eliminated,VBN,O
,militants,NNS,O
,in,IN,O
,South,NNP,B-geo
,Waziristan,NNP,I-geo
,.,.,O
Sentence: 51,The,DT,O
,area,NN,O
,became,VBD,O
,a,DT,O
,refuge,NN,O
,for,IN,O
,many,JJ,O
,al-Qaida,NNP,B-org
,and,CC,O
,Taleban,NNP,B-org
,fighters,NNS,O
,after,IN,O
,the,DT,O
,Taleban,NNP,B-org
,government,NN,O
,was,VBD,O
,ousted,VBN,O
,in,IN,O
,Afghanistan,NNP,B-geo
,in,IN,O
,2001,CD,B-tim
,.,.,O
Sentence: 52,A,DT,O
,senior,JJ,O
,Pakistani,JJ,B-gpe
,military,JJ,O
,official,NN,O
,says,VBZ,O
,Pakistan,NNP,B-gpe
,wants,VBZ,O
,to,TO,O
,put,VB,O
,what,WP,O
,he,PRP,O
,calls,VBZ,O
,the,DT,O
,"""",``,O
,sordid,JJ,O
,chapter,NN,O
,"""",``,O
,of,IN,O
,proliferation,NN,O
,by,IN,O
,one,CD,O
,of,IN,O
,its,PRP$,O
,top,JJ,O
,scientists,NNS,O
,behind,IN,O
,it,PRP,O
,and,CC,O
,build,VB,O
,civilian,JJ,O
,nuclear,JJ,O
,ties,NNS,O
,with,IN,O
,the,DT,O
,United,NNP,B-gpe
,States,NNPS,I-gpe
,.,.,O
Sentence: 53,But,CC,O
,he,PRP,O
,says,VBZ,O
,Pakistan,NNP,B-gpe
,is,VBZ,O
,not,RB,O
,ready,JJ,O
,to,TO,O
,make,VB,O
,the,DT,O
,nuclear,JJ,O
,scientist,NN,O
,",",",",O
,Abdul,NNP,B-per
,Qadeer,NNP,I-per
,Khan,NNP,I-per
,",",",",O
,available,JJ,O
,for,IN,O
,direct,JJ,O
,questioning,VBG,O
,over,IN,O
,his,PRP$,O
,sale,NN,O
,of,IN,O
,nuclear,JJ,O
,parts,NNS,O
,and,CC,O
,secrets,NNS,O
,to,IN,O
,states,NNS,O
,including,VBG,O
,Iran,NNP,B-gpe
,",",",",O
,Libya,NNP,B-gpe
,and,CC,O
,North,NNP,B-gpe
,Korea,NNP,I-gpe
,.,.,O
Sentence: 54,He,PRP,O
,said,VBD,O
,there,EX,O
,are,VBP,O
,reasons,NNS,O
,of,IN,O
,national,JJ,O
,sensitivities,NNS,O
,for,IN,O
,not,RB,O
,making,VBG,O
,him,PRP,O
,available,JJ,O
,.,.,O
Sentence: 55,The,DT,O
,Pakistani,JJ,B-gpe
,official,NN,O
,was,VBD,O
,giving,VBG,O
,a,DT,O
,background,NN,O
,briefing,NN,O
,to,TO,O
,a,DT,O
,small,JJ,O
,group,NN,O
,of,IN,O
,reporters,NNS,O
,in,IN,O
,Washington,NNP,B-geo
,.,.,O
Sentence: 56,Khan,NNP,B-per
,admitted,VBD,O
,in,IN,O
,2004,CD,B-tim
,that,IN,O
,he,PRP,O
,operated,VBD,O
,a,DT,O
,worldwide,JJ,O
,clandestine,NN,O
,network,NN,O
,to,TO,O
,sell,VB,O
,nuclear,JJ,O
,technology,NN,O
,in,IN,O
,the,DT,O
,black,JJ,O
,market,NN,O
,.,.,O
Sentence: 57,He,PRP,O
,was,VBD,O
,placed,VBN,O
,under,IN,O
,house,NN,O
,arrest,NN,O
,in,IN,O
,Islamabad,NNP,B-geo
,",",",",O
,but,CC,O
,not,RB,O
,jailed,VBN,O
,because,IN,O
,he,PRP,O
,is,VBZ,O
,considered,VBN,O
,the,DT,O
,father,NN,O
,of,IN,O
,Pakistan,NNP,B-geo
,'s,POS,O
,nuclear,JJ,O
,bomb,NN,O
,.,.,O
Sentence: 58,U.S.,NNP,B-gpe
,Army,NNP,B-org
,officials,NNS,O
,said,VBD,O
,Wednesday,NNP,B-tim
,that,IN,O
,they,PRP,O
,will,MD,O
,not,RB,O
,renew,VB,O
,a,DT,O
,controversial,JJ,O
,multi-billion,JJ,O
,dollar,NN,O
,contract,NN,O
,with,IN,O
,the,DT,O
,Halliburton,NNP,B-org
,company,NN,O
,to,TO,O
,provide,VB,O
,logistical,JJ,O
,support,NN,O
,to,IN,O
,U.S.,NNP,B-gpe
,troops,NNS,O
,in,IN,O
,Iraq,NNP,B-geo
,and,CC,O
,elsewhere,RB,O
,.,.,O
Sentence: 59,Halliburton,NNP,B-org
,has,VBZ,O
,been,VBN,O
,providing,VBG,O
,a,DT,O
,long,JJ,O
,list,NN,O
,of,IN,O
,services,NNS,O
,",",",",O
,from,IN,O
,meals,NNS,O
,to,TO,O
,communication,NN,O
,",",",",O
,for,IN,O
,the,DT,O
,military,NN,O
,for,IN,O
,several,JJ,O
,years,NNS,O
,.,.,O
Sentence: 60,Critics,NNS,O
,of,IN,O
,Halliburton,NNP,B-org
,include,VBP,O
,auditors,NNS,O
,and,CC,O
,congressional,JJ,O
,Democrats,NNS,O
,.,.,O
Sentence: 61,They,PRP,O
,say,VBP,O
,the,DT,O
,company,NN,O
,has,VBZ,O
,produced,VBN,O
,some,DT,O
,shoddy,JJ,O
,work,NN,O
,and,CC,O
,charges,VBZ,O
,too,RB,O
,much,JJ,O
,money,NN,O
,.,.,O
Sentence: 62,The,DT,O
,company,NN,O
,strongly,RB,O
,denies,VBZ,O
,the,DT,O
,allegations,NNS,O
,.,.,O
Sentence: 63,When,WRB,O
,the,DT,O
,huge,JJ,O
,contract,NN,O
,is,VBZ,O
,put,VBN,O
,out,RP,O
,for,IN,O
,re-bidding,NN,O
,",",",",O
,several,JJ,O
,companies,NNS,O
,will,MD,O
,get,VB,O
,a,DT,O
,chance,NN,O
,to,TO,O
,compete,VB,O
,for,IN,O
,portions,NNS,O
,of,IN,O
,the,DT,O
,work,NN,O
,.,.,O
Sentence: 64,Representatives,NNS,O
,from,IN,O
,the,DT,O
,Asia,NNP,B-org
,Pacific,NNP,I-org
,Economic,NNP,I-org
,Cooperation,NNP,I-org
,Business,NNP,I-org
,Advisory,NNP,I-org
,Council,NNP,I-org
,are,VBP,O
,holding,VBG,O
,meetings,NNS,O
,this,DT,O
,week,NN,O
,to,TO,O
,finalize,VB,O
,their,PRP$,O
,annual,JJ,O
,report,NN,O
,for,IN,O
,APEC,NNP,B-org
,leaders,NNS,O
,who,WP,O
,will,MD,O
,hold,VB,O
,a,DT,O
,summit,NN,O
,on,IN,O
,September,NNP,B-tim
,8,CD,I-tim
,and,CC,O
,9,CD,B-tim
,.,.,O
Sentence: 65,VOA,NNP,B-org
,'s,POS,O
,Nancy-Amelia,NNP,B-per
,Collins,NNP,I-per
,reports,VBZ,O
,from,IN,O
,Sydney,NNP,B-geo
,.,.,O
Sentence: 66,Energy,NN,O
,",",",",O
,security,NN,O
,",",",",O
,climate,NN,O
,change,NN,O
,",",",",O
,the,DT,O
,World,NNP,B-org
,Trade,NNP,I-org
,Organization,NNP,I-org
,'s,POS,O
,stalled,VBN,O
,negotiations,NNS,O
,",",",",O
,and,CC,O
,investment,NN,O
,are,VBP,O
,all,DT,O
,expected,VBN,O
,to,TO,O
,be,VB,O
,among,IN,O
,the,DT,O
,major,JJ,O
,topics,NNS,O
,in,IN,O
,the,DT,O
,annual,JJ,O
,report,NN,O
,of,IN,O
,the,DT,O
,APEC,NNP,B-org
,Business,NNP,I-org
,Advisory,NNP,I-org
,Council,NNP,I-org
,",",",",O
,known,VBN,O
,as,IN,O
,ABAC,NNP,B-org
,.,.,O
Sentence: 67,Tim,NNP,B-per
,Harcourt,NNP,I-per
,",",",",O
,the,DT,O
,chief,JJ,O
,economist,NN,O
,of,IN,O
,the,DT,O
,Australian,NNP,B-org
,Trade,NNP,I-org
,Commission,NNP,I-org
,",",",",O
,says,VBZ,O
,ABAC,NNP,B-org
,plays,VBZ,O
,an,DT,O
,important,JJ,O
,role,NN,O
,by,IN,O
,informing,VBG,O
,governments,NNS,O
,where,WRB,O
,there,EX,O
,are,VBP,O
,problems,NNS,O
,.,.,O
Sentence: 68,"""",``,O
,The,DT,O
,most,RBS,O
,important,JJ,O
,thing,NN,O
,the,DT,O
,business,NN,O
,groups,NNS,O
,can,MD,O
,do,VB,O
,is,VBZ,O
,to,TO,O
,tell,VB,O
,the,DT,O
,governments,NNS,O
,where,WRB,O
,there,EX,O
,are,VBP,O
,logjams,NNS,O
,",",",",O
,where,WRB,O
,there,EX,O
,are,VBP,O
,obstacles,NNS,O
,",",",",O
,where,WRB,O
,things,NNS,O
,can,MD,O
,improve,VB,O
,",",",",O
,"""",``,O
,Harcourt,NNP,B-per
,said,VBD,O
,.,.,O
Sentence: 69,"""",``,O
,I,PRP,O
,think,VBP,O
,actually,RB,O
,ABAC,NNP,B-org
,has,VBZ,O
,played,VBN,O
,a,DT,O
,pretty,RB,O
,good,JJ,O
,leadership,NN,O
,on,IN,O
,that,DT,O
,in,IN,O
,talking,VBG,O
,about,IN,O
,trade,NN,O
,facilitation,NN,O
,and,CC,O
,basically,RB,O
,making,VBG,O
,sure,JJ,O
,standards,NNS,O
,are,VBP,O
,consistent,JJ,O
,and,CC,O
,harmonious,JJ,O
,across,IN,O
,the,DT,O
,region,NN,O
,.,.,O
,"""",``,O
Sentence: 70,ABAC,NNP,B-org
,comprises,VBZ,O
,up,RP,O
,to,TO,O
,three,CD,O
,members,NNS,O
,of,IN,O
,the,DT,O
,private,JJ,O
,sector,NN,O
,of,IN,O
,each,DT,O
,of,IN,O
,the,DT,O
,21,CD,O
,economies,NNS,O
,that,WDT,O
,make,VBP,O
,up,RP,O
,APEC,NNP,B-org
,.,.,O
Sentence: 71,It,PRP,O
,meets,VBZ,O
,three,CD,O
,times,NNS,O
,a,DT,O
,year,NN,O
,.,.,O
Sentence: 72,It,PRP,O
,was,VBD,O
,made,VBN,O
,a,DT,O
,permanent,JJ,O
,body,NN,O
,in,IN,O
,1995,CD,B-tim
,to,TO,O
,provide,VB,O
,an,DT,O
,independent,JJ,O
,business,NN,O
,perspective,NN,O
,within,IN,O
,APEC,NNP,B-org
,.,.,O
Sentence: 73,Members,NNS,O
,represent,VBP,O
,a,DT,O
,range,NN,O
,of,IN,O
,business,NN,O
,sectors,NNS,O
,",",",",O
,including,VBG,O
,medium,JJ,O
,and,CC,O
,small,JJ,O
,businesses,NNS,O
,.,.,O
Sentence: 74,ABAC,NNP,B-org
,says,VBZ,O
,there,EX,O
,is,VBZ,O
,a,DT,O
,need,NN,O
,for,IN,O
,businesses,NNS,O
,to,TO,O
,improve,VB,O
,energy,NN,O
,efficiency,NN,O
,and,CC,O
,to,TO,O
,encourage,VB,O
,conservation,NN,O
,practices,NNS,O
,",",",",O
,and,CC,O
,is,VBZ,O
,expected,VBN,O
,to,TO,O
,include,VB,O
,this,DT,O
,in,IN,O
,its,PRP$,O
,annual,JJ,O
,report,NN,O
,.,.,O
Sentence: 75,Harcourt,NNP,B-per
,",",",",O
,of,IN,O
,the,DT,O
,Australian,NNP,B-org
,Trade,NNP,I-org
,Commission,NNP,I-org
,",",",",O
,says,VBZ,O
,the,DT,O
,ABAC,NNP,B-org
,report,NN,O
,will,MD,O
,also,RB,O
,discuss,VB,O
,ways,NNS,O
,to,TO,O
,enhance,VB,O
,regional,JJ,O
,cooperation,NN,O
,.,.,O
Sentence: 76,"""",``,O
,I,PRP,O
,reckon,VBP,O
,they,PRP,O
,'ll,MD,O
,talk,VB,O
,a,DT,O
,little,JJ,O
,bit,NN,O
,about,IN,O
,customs,NNS,O
,and,CC,O
,quarantine,NN,O
,",",",",O
,a,DT,O
,little,JJ,O
,bit,NN,O
,about,IN,O
,having,VBG,O
,consistent,JJ,O
,security,NN,O
,arrangements,NNS,O
,around,IN,O
,the,DT,O
,region,NN,O
,",",",",O
,"""",``,O
,Harcourt,NNP,B-per
,said,VBD,O
,.,.,O
Sentence: 77,"""",``,O
,And,CC,O
,I,PRP,O
,think,VBP,O
,they,PRP,O
,'ll,MD,O
,want,VB,O
,a,DT,O
,one-stop,JJ,O
,shop,NN,O
,in,IN,O
,terms,NNS,O
,of,IN,O
,combining,VBG,O
,security,NN,O
,",",",",O
,immigration,NN,O
,",",",",O
,customs,NNS,O
,",",",",O
,and,CC,O
,quarantine,VB,O
,together,RB,O
,ƒ,",",O
,just,RB,O
,to,TO,O
,make,VB,O
,sure,JJ,O
,it,PRP,O
,'s,VBZ,O
,more,JJR,O
,streamlined,JJ,O
,and,CC,O
,provides,VBZ,O
,more,JJR,O
,certainty,NN,O
,.,.,O
,"""",``,O
Sentence: 78,ABAC,NNP,B-org
,is,VBZ,O
,the,DT,O
,only,JJ,O
,non-governmental,JJ,O
,body,NN,O
,that,WDT,O
,has,VBZ,O
,an,DT,O
,official,JJ,O
,role,NN,O
,and,CC,O
,formal,JJ,O
,dialogue,NN,O
,with,IN,O
,the,DT,O
,leaders,NNS,O
,of,IN,O
,the,DT,O
,APEC,NNP,B-org
,economies,NNS,O
,.,.,O
Sentence: 79,It,PRP,O
,will,MD,O
,present,VB,O
,its,PRP$,O
,annual,JJ,O
,report,NN,O
,at,IN,O
,the,DT,O
,APEC,NNP,B-org
,leaders,NNS,O
,meeting,NN,O
,on,IN,O
,Saturday,NNP,B-tim
,.,.,O
Sentence: 80,Sudan,NNP,B-gpe
,'s,POS,O
,government,NN,O
,says,VBZ,O
,it,PRP,O
,will,MD,O
,order,VB,O
,troops,NNS,O
,to,TO,O
,end,VB,O
,attacks,NNS,O
,immediately,RB,O
,in,IN,O
,Darfur,NNP,B-geo
,",",",",O
,and,CC,O
,is,VBZ,O
,asking,VBG,O
,rebels,NNS,O
,to,TO,O
,do,VB,O
,the,DT,O
,same,NN,O
,.,.,O
Sentence: 81,Foreign,NNP,B-per
,Minister,NNP,I-per
,Mustafa,NNP,I-per
,Osman,NNP,I-per
,Ismail,NNP,I-per
,says,VBZ,O
,Sudanese,JJ,B-gpe
,troops,NNS,O
,will,MD,O
,also,RB,O
,withdraw,VB,O
,to,TO,O
,positions,NNS,O
,held,VBN,O
,before,IN,O
,an,DT,O
,April,NNP,B-tim
,cease-fire,NN,O
,",",",",O
,if,IN,O
,rebels,NNS,O
,in,IN,O
,the,DT,O
,western,JJ,O
,region,NN,O
,agree,VBP,O
,to,TO,O
,stop,VB,O
,attacks,NNS,O
,.,.,O
Sentence: 82,Mr.,NNP,B-per
,Ismail,NNP,I-per
,announced,VBD,O
,the,DT,O
,decision,NN,O
,after,IN,O
,meeting,VBG,O
,with,IN,O
,officials,NNS,O
,from,IN,O
,the,DT,O
,United,NNP,B-org
,Nations,NNPS,I-org
,and,CC,O
,African,NNP,B-org
,Union,NNP,I-org
,in,IN,O
,Khartoum,NNP,B-geo
,Sunday,NNP,B-tim
,.,.,O
Sentence: 83,In,IN,O
,recent,JJ,O
,weeks,NNS,O
,",",",",O
,AU,NNP,B-org
,officials,NNS,O
,say,VBP,O
,Sudanese,JJ,B-gpe
,troops,NNS,O
,and,CC,O
,rebels,NNS,O
,have,VBP,O
,repeatedly,RB,O
,violated,VBN,O
,the,DT,O
,April,NNP,B-tim
,truce,NN,O
,.,.,O
Sentence: 84,Saturday,NNP,B-tim
,",",",",O
,the,DT,O
,head,NN,O
,of,IN,O
,AU,NNP,B-org
,forces,NNS,O
,in,IN,O
,Darfur,NNP,B-geo
,accused,VBD,O
,Sudanese,JJ,B-gpe
,government,NN,O
,helicopters,NNS,O
,of,IN,O
,bombing,VBG,O
,rebel,NN,O
,sites,NNS,O
,in,IN,O
,the,DT,O
,South,NNP,B-geo
,Darfur,NNP,I-geo
,village,NN,O
,of,IN,O
,Labado,NNP,B-geo
,.,.,O
Sentence: 85,Khartoum,NNP,B-gpe
,says,VBZ,O
,troops,NNS,O
,were,VBD,O
,defending,VBG,O
,their,PRP$,O
,positions,NNS,O
,from,IN,O
,rebel,NN,O
,attacks,NNS,O
,.,.,O
Sentence: 86,Aid,NN,O
,workers,NNS,O
,say,VBP,O
,some,DT,O
,relief,NN,O
,efforts,NNS,O
,have,VBP,O
,been,VBN,O
,suspended,VBN,O
,in,IN,O
,South,NNP,B-geo
,Darfur,NNP,I-geo
,due,JJ,O
,to,TO,O
,recent,JJ,O
,attacks,NNS,O
,.,.,O
Sentence: 87,Indonesian,JJ,B-gpe
,police,NNS,O
,have,VBP,O
,arrested,VBN,O
,three,CD,O
,men,NNS,O
,in,IN,O
,connection,NN,O
,with,IN,O
,the,DT,O
,October,NNP,B-tim
,1,CD,I-tim
,Bali,NNP,B-geo
,bombings,NNS,O
,that,WDT,O
,left,VBD,O
,23,CD,O
,people,NNS,O
,dead,JJ,O
,.,.,O
Sentence: 88,Indonesian,JJ,B-gpe
,police,NN,O
,said,VBD,O
,Wednesday,NNP,B-tim
,the,DT,O
,men,NNS,O
,were,VBD,O
,flown,VBN,O
,to,TO,O
,Bali,NNP,B-geo
,from,IN,O
,neighboring,VBG,O
,Java,NNP,B-geo
,island,NN,O
,for,IN,O
,questioning,VBG,O
,at,IN,O
,Bali,NNP,B-geo
,police,NN,O
,headquarters,NN,O
,.,.,O
Sentence: 89,Australian,JJ,B-gpe
,and,CC,O
,French,JJ,B-gpe
,news,NN,O
,agencies,NNS,O
,say,VBP,O
,at,IN,O
,least,JJS,O
,one,CD,O
,of,IN,O
,the,DT,O
,men,NNS,O
,arrested,VBN,O
,(,LRB,O
,Cholily,NNP,B-per
,),RRB,O
,was,VBD,O
,captured,VBN,O
,during,IN,O
,a,DT,O
,series,NN,O
,of,IN,O
,counter-terrorism,NN,O
,raids,NNS,O
,last,JJ,O
,week,NN,O
,in,IN,O
,Indonesia,NNP,B-geo
,.,.,O
Sentence: 90,The,DT,O
,raids,NNS,O
,ended,VBD,O
,with,IN,O
,the,DT,O
,death,NN,O
,of,IN,O
,alleged,JJ,O
,extremist,NN,O
,bombmaker,NN,O
,Azahari,NNP,B-per
,bin,NNP,I-per
,Husin,NNP,I-per
,.,.,O
Sentence: 91,Indonesian,JJ,B-gpe
,authorities,NNS,O
,blame,VBP,O
,Azahari,NNP,B-per
,bin,NNP,I-per
,Husin,NNP,I-per
,for,IN,O
,orchestrating,VBG,O
,last,JJ,O
,month,NN,O
,'s,POS,O
,attacks,NNS,O
,in,IN,O
,Bali,NNP,B-geo
,as,RB,O
,well,RB,O
,as,IN,O
,the,DT,O
,2002,CD,B-tim
,Bali,NNP,B-geo
,bombings,NNS,O
,that,WDT,O
,killed,VBD,O
,more,JJR,O
,than,IN,O
,200,CD,O
,people,NNS,O
,.,.,O
Sentence: 92,Gunmen,NNS,O
,have,VBP,O
,shot,VBN,O
,and,CC,O
,killed,VBN,O
,a,DT,O
,Roman,NNP,B-org
,Catholic,NNP,I-org
,nun,NN,O
,and,CC,O
,her,PRP$,O
,bodyguard,NN,O
,at,IN,O
,the,DT,O
,hospital,NN,O
,where,WRB,O
,she,PRP,O
,worked,VBD,O
,in,IN,O
,Islamist-controlled,JJ,O
,Mogadishu,NNP,B-geo
,",",",",O
,Somalia,NNP,B-geo
,.,.,O
Sentence: 93,Some,DT,O
,witnesses,NNS,O
,to,TO,O
,the,DT,O
,Sunday,NNP,B-tim
,shooting,NN,O
,said,VBD,O
,they,PRP,O
,feared,VBD,O
,the,DT,O
,attack,NN,O
,was,VBD,O
,linked,VBN,O
,to,IN,O
,Muslim,NN,O
,anger,NN,O
,toward,IN,O
,Pope,NNP,B-per
,Benedict,NNP,I-per
,.,.,O
Sentence: 94,Two,CD,O
,men,NNS,O
,with,IN,O
,pistols,NNS,O
,attacked,VBD,O
,the,DT,O
,nun,NN,O
,",",",",O
,Sister,NNP,B-per
,Leonella,NNP,I-per
,Sgorbati,NNP,I-per
,",",",",O
,after,IN,O
,she,PRP,O
,finished,VBD,O
,teaching,VBG,O
,a,DT,O
,medical,JJ,O
,school,NN,O
,class,NN,O
,at,IN,O
,the,DT,O
,hospital,NN,O
,in,IN,O
,southern,JJ,O
,Mogadishu,NNP,B-geo
,.,.,O
Sentence: 95,Officials,NNS,O
,say,VBP,O
,one,CD,O
,suspect,NN,O
,was,VBD,O
,arrested,VBN,O
,.,.,O
Sentence: 96,In,IN,O
,Rome,NNP,B-geo
,",",",",O
,a,DT,O
,Vatican,NNP,B-org
,spokesman,NN,O
,deplored,VBD,O
,the,DT,O
,attack,NN,O
,and,CC,O
,said,VBD,O
,he,PRP,O
,hoped,VBD,O
,it,PRP,O
,was,VBD,O
,an,DT,O
,isolated,JJ,O
,event,NN,O
,",",",",O
,and,CC,O
,not,RB,O
,irrationality,JJ,O
,arising,VBG,O
,from,IN,O
,comments,NNS,O
,made,VBN,O
,by,IN,O
,the,DT,O
,Pope,NN,O
,which,WDT,O
,angered,VBD,O
,some,DT,O
,Muslims,NNS,O
,.,.,O
Sentence: 97,Authorities,NNS,O
,in,IN,O
,Mogadishu,NNP,B-geo
,have,VBP,O
,not,RB,O
,determined,VBN,O
,a,DT,O
,motive,NN,O
,for,IN,O
,the,DT,O
,shooting,NN,O
,.,.,O
Sentence: 98,The,DT,O
,pope,NN,O
,has,VBZ,O
,said,VBN,O
,he,PRP,O
,meant,VBD,O
,no,DT,O
,offense,NN,O
,to,TO,O
,Muslims,NNPS,O
,when,WRB,O
,he,PRP,O
,quoted,VBD,O
,a,DT,O
,14,CD,O
,century,NN,O
,Byzantine,NNP,B-per
,emperor,NN,O
,as,IN,O
,saying,VBG,O
,some,DT,O
,teachings,NNS,O
,of,IN,O
,the,DT,O
,Prophet,NNP,B-per
,Muhammed,NNP,I-per
,brought,VBD,O
,evil,NN,O
,to,TO,O
,the,DT,O
,world,NN,O
,.,.,O
Sentence: 99,Pakistani,JJ,B-gpe
,forces,NNS,O
,have,VBP,O
,targeted,VBN,O
,militants,NNS,O
,in,IN,O
,the,DT,O
,northwest,NN,O
,for,IN,O
,a,DT,O
,third,JJ,O
,day,NN,O
,",",",",O
,launching,VBG,O
,airstrikes,NNS,O
,that,IN,O
,they,PRP,O
,say,VBP,O
,killed,VBN,O
,at,IN,O
,least,JJS,O
,nine,CD,O
,suspected,JJ,O
,insurgents,NNS,O
,.,.,O
Sentence: 100,Helicopter,NN,O
,gunships,NNS,O
,Saturday,NNP,B-tim
,pounded,VBD,O
,militant,JJ,O
,hideouts,NNS,O
,in,IN,O
,the,DT,O
,Orakzai,NNP,B-geo
,tribal,JJ,O
,region,NN,O
,",",",",O
,where,WRB,O
,many,JJ,O
,Taliban,NNP,B-org
,militants,NNS,O
,are,VBP,O
,believed,VBN,O
,to,TO,O
,have,VB,O
,fled,VBN,O
,to,TO,O
,avoid,VB,O
,an,DT,O
,earlier,JJR,O
,military,JJ,O
,offensive,NN,O
,in,IN,O
,nearby,JJ,O
,South,NNP,B-geo
,Waziristan,NNP,I-geo
,.,.,O
Sentence: 101,The,DT,O
,Pakistani,JJ,B-gpe
,military,NN,O
,launched,VBD,O
,its,PRP$,O
,offensive,NN,O
,in,IN,O
,Orakzai,NNP,B-geo
,to,TO,O
,hunt,VB,O
,Taliban,NNP,B-org
,insurgents,NNS,O
,.,.,O
Sentence: 102,So,RB,O
,far,RB,O
,",",",",O
,nearly,RB,O
,100,CD,O
,militants,NNS,O
,have,VBP,O
,been,VBN,O
,reported,VBN,O
,killed,VBN,O
,in,IN,O
,the,DT,O
,region,NN,O
,since,IN,O
,Thursday,NNP,B-tim
,.,.,O
Sentence: 103,On,IN,O
,Friday,NNP,B-tim
,",",",",O
,five,CD,O
,soldiers,NNS,O
,were,VBD,O
,killed,VBN,O
,when,WRB,O
,dozens,NNS,O
,of,IN,O
,militants,NNS,O
,stormed,VBD,O
,a,DT,O
,military,JJ,O
,checkpoint,NN,O
,in,IN,O
,Orakzai,NNP,B-geo
,.,.,O
Sentence: 104,At,IN,O
,least,JJS,O
,32,CD,O
,suspected,JJ,O
,militants,NNS,O
,were,VBD,O
,killed,VBN,O
,when,WRB,O
,troops,NNS,O
,launched,VBD,O
,a,DT,O
,counter-attack,NN,O
,.,.,O
Sentence: 105,Elsewhere,RB,O
,in,IN,O
,the,DT,O
,northwest,JJS,O
,",",",",O
,authorities,NNS,O
,on,IN,O
,Saturday,NNP,B-tim
,found,VBD,O
,the,DT,O
,bodies,NNS,O
,of,IN,O
,six,CD,O
,people,NNS,O
,who,WP,O
,had,VBD,O
,been,VBN,O
,shot,VBN,O
,dead,RB,O
,in,IN,O
,the,DT,O
,Kurram,NNP,B-geo
,region,NN,O
,along,IN,O
,the,DT,O
,Afghan,JJ,B-gpe
,border,NN,O
,.,.,O
Sentence: 106,The,DT,O
,six,CD,O
,were,VBD,O
,kidnapped,VBN,O
,a,DT,O
,few,JJ,O
,days,NNS,O
,ago,RB,O
,.,.,O
Sentence: 107,The,DT,O
,U.S.,NNP,B-org
,military,NN,O
,in,IN,O
,Afghanistan,NNP,B-geo
,says,VBZ,O
,coalition,NN,O
,forces,NNS,O
,killed,VBD,O
,14,CD,O
,Taleban,NNP,B-org
,militants,NNS,O
,in,IN,O
,separate,JJ,O
,clashes,NNS,O
,this,DT,O
,week,NN,O
,.,.,O
Sentence: 108,The,DT,O
,military,NN,O
,said,VBD,O
,Saturday,NNP,B-tim
,13,CD,O
,guerrillas,NNS,O
,were,VBD,O
,killed,VBN,O
,in,IN,O
,two,CD,O
,encounters,NNS,O
,in,IN,O
,the,DT,O
,central,JJ,O
,province,NN,O
,of,IN,O
,Uruzgan,NNP,B-geo
,.,.,O
Sentence: 109,One,CD,O
,Afghan,JJ,B-gpe
,soldier,NN,O
,was,VBD,O
,killed,VBN,O
,and,CC,O
,four,CD,O
,others,NNS,O
,",",",",O
,including,VBG,O
,a,DT,O
,U.S.,NNP,B-gpe
,soldier,NN,O
,",",",",O
,were,VBD,O
,injured,VBN,O
,in,IN,O
,the,DT,O
,fighting,NN,O
,.,.,O
Sentence: 110,Another,DT,O
,militant,NN,O
,was,VBD,O
,killed,VBN,O
,by,IN,O
,U.S.,NNP,B-gpe
,troops,NNS,O
,in,IN,O
,eastern,JJ,O
,Paktika,NNP,B-geo
,province,NN,O
,.,.,O
Sentence: 111,Separately,RB,O
,",",",",O
,officials,NNS,O
,say,VBP,O
,four,CD,O
,British,JJ,B-gpe
,soldiers,NNS,O
,from,IN,O
,the,DT,O
,NATO-led,JJ,O
,peacekeeping,NN,O
,mission,NN,O
,were,VBD,O
,wounded,VBN,O
,early,JJ,O
,Saturday,NNP,B-tim
,in,IN,O
,an,DT,O
,attack,NN,O
,in,IN,O
,the,DT,O
,northern,JJ,O
,city,NN,O
,of,IN,O
,Mazar-e-Sharif,NNP,B-geo
,.,.,O
Sentence: 112,It,PRP,O
,was,VBD,O
,not,RB,O
,immediately,RB,O
,clear,JJ,O
,what,WP,O
,motivated,VBN,O
,the,DT,O
,attack,NN,O
,.,.,O
Sentence: 113,Taleban,NNP,B-org
,rebels,NNS,O
,are,VBP,O
,not,RB,O
,known,VBN,O
,to,TO,O
,operate,VB,O
,in,IN,O
,northern,JJ,O
,Afghanistan,NNP,B-geo
,and,CC,O
,the,DT,O
,area,NN,O
,has,VBZ,O
,been,VBN,O
,spared,VBN,O
,much,RB,O
,of,IN,O
,the,DT,O
,bloodshed,NN,O
,that,DT,O
,has,VBZ,O
,plagued,VBN,O
,southern,JJ,O
,and,CC,O
,eastern,JJ,O
,regions,NNS,O
,.,.,O
Sentence: 114,Russian,JJ,B-gpe
,officials,NNS,O
,say,VBP,O
,at,IN,O
,least,JJS,O
,five,CD,O
,more,JJR,O
,people,NNS,O
,have,VBP,O
,died,VBN,O
,from,IN,O
,a,DT,O
,wave,NN,O
,of,IN,O
,extremely,RB,O
,cold,JJ,O
,weather,NN,O
,gripping,VBG,O
,the,DT,O
,nation,NN,O
,",",",",O
,bringing,VBG,O
,the,DT,O
,death,NN,O
,toll,NN,O
,to,TO,O
,43,CD,O
,in,IN,O
,the,DT,O
,past,JJ,O
,week,NN,O
,.,.,O